Nucleotide,Bendability,Nucleosomal_Positioning,B_form_to_A_form_transition
AAA,-0.27,-36.00,1.17
AAC,-0.21,-6.00,1.22
AAG,-0.08,6.00,1.57
AAT,-0.28,-30.00,1.39
ACA,-0.01,6.00,0.52
ACC,-0.03,8.00,0.30
ACG,-0.03,8.00,0.57
ACT,-0.18,11.00,0.30
AGA,0.03,-9.00,0.95
AGC,0.02,25.00,0.48
AGG,-0.06,8.00,0.64
AGT,-0.18,11.00,0.30
ATA,0.18,-13.00,0.63
ATC,-0.11,7.00,1.11
ATG,0.13,18.00,0.22
ATT,-0.28,-30.00,1.39
CAA,0.02,-9.00,0.52
CAC,0.04,17.00,0.67
CAG,0.18,-2.00,0.46
CAT,0.13,18.00,0.22
CCA,-0.25,8.00,0.44
CCC,-0.01,13.00,0.26
CCG,-0.14,2.00,0.42
CCT,-0.06,8.00,0.64
CGA,0.00,31.00,0.56
CGC,-0.08,25.00,0.64
CGG,-0.14,2.00,0.42
CGT,-0.03,8.00,0.57
CTA,0.09,-18.00,0.66
CTC,0.03,8.00,0.21
CTG,0.18,-2.00,0.46
CTT,-0.08,6.00,1.57
GAA,-0.04,-12.00,0.72
GAC,-0.01,8.00,0.49
GAG,0.03,8.00,0.21
GAT,-0.11,7.00,1.11
GCA,0.08,13.00,0.76
GCC,0.11,45.00,0.54
GCG,-0.08,25.00,0.64
GCT,0.02,25.00,0.48
GGA,0.01,-5.00,0.56
GGC,0.11,45.00,0.54
GGG,-0.01,13.00,0.26
GGT,-0.03,8.00,0.30
GTA,0.03,-6.00,0.67
GTC,-0.01,8.00,0.49
GTG,0.04,17.00,0.67
GTT,-0.21,-6.00,1.22
TAA,0.07,-20.00,0.50
TAC,0.03,-6.00,0.67
TAG,0.09,-18.00,0.66
TAT,0.18,-13.00,0.63
TCA,0.19,8.00,0.58
TCC,0.01,-5.00,0.56
TCG,0.00,31.00,0.56
TCT,0.03,-9.00,0.95
TGA,0.19,8.00,0.58
TGC,0.08,13.00,0.76
TGG,-0.25,8.00,0.44
TGT,-0.01,6.00,0.52
TTA,0.07,-20.00,0.50
TTC,-0.04,-12.00,0.72
TTG,0.02,-9.00,0.52
TTT,-0.27,-36.00,1.17